关注者ID,被关注者ID
1,55
1,63
1,101
1,106
1,117
1,170
1,179
1,196
1,199
1,202
1,205
1,252
1,364
1,494
1,640
1,653
1,778
1,779
1,871
1,883
1,894
1,939
1,1201
3,27
3,28
3,46
3,58
3,61
3,63
3,65
3,106
3,132
3,147
3,156
3,160
3,171
3,177
3,184
3,196
3,202
3,213
3,226
3,239
3,257
3,267
3,268
3,272
3,295
3,312
3,327
3,333
3,339
3,353
3,372
3,407
3,429
3,441
3,464
3,477
3,498
3,504
3,527
3,544
3,545
3,612
3,626
3,653
3,674
3,694
3,720
3,763
3,836
3,884
3,886
3,979
3,991
3,1216
3,1336
3,1512
4,47
4,90
4,125
4,227
4,232
4,241
4,246
4,248
4,258
4,306
4,325
4,333
4,424
4,440
4,446
4,452
4,491
4,615
4,622
4,624
4,647
4,769
4,790
4,797
4,798
4,909
4,917
4,921
4,959
4,960
4,977
4,1201
4,1359
4,1383
4,1401
9,14
9,15
9,21
9,45
9,48
9,58
9,65
9,71
9,79
9,80
9,85
9,89
9,92
9,115
9,116
9,120
9,134
9,160
9,172
9,194
9,200
9,210
9,211
9,232
9,242
9,243
9,253
9,254
9,256
9,267
9,280
9,285
9,311
9,322
9,327
9,353
9,372
9,382
9,388
9,413
9,448
9,453
9,471
9,480
9,488
9,492
9,496
9,502
9,525
9,601
9,605
9,634
9,674
9,681
9,706
9,743
9,751
9,765
9,826
9,845
9,923
9,941
9,954
9,998
9,1320
9,1332
9,1512
9,1518
9,1828
14,45
14,58
14,115
14,116
14,131
14,176
14,181
14,185
14,190
14,210
14,213
14,214
14,222
14,254
14,256
14,267
14,269
14,276
14,306
14,335
14,356
14,382
14,388
14,390
14,520
14,533
14,548
14,603
14,621
14,744
14,765
14,786
14,867
14,923
14,938
14,998
14,1518
15,21
15,45
15,48
15,71
15,79
15,80
15,89
15,92
15,120
15,134
15,172
15,194
15,200
15,210
15,211
15,232
15,241
15,242
15,253
15,285
15,311
15,322
15,388
15,413
15,448
15,450
15,453
15,480
15,488
15,492
15,496
15,513
15,601
15,706
15,743
15,771
15,791
15,826
15,845
15,998
15,1401
20,41
20,54
20,58
20,274
20,277
20,279
20,280
20,290
20,376
20,387
20,435
20,438
20,445
20,466
20,497
20,510
20,513
20,525
20,638
20,655
20,702
20,777
20,841
20,866
20,869
20,908
20,958
20,1320
20,1332
20,1359
20,1518
21,71
21,89
21,92
21,120
21,194
21,200
21,210
21,211
21,232
21,242
21,254
21,322
21,388
21,413
21,448
21,480
21,488
21,492
21,601
21,706
21,743
21,765
21,771
21,791
21,826
21,845
21,1870
27,28
27,61
27,63
27,147
27,171
27,173
27,179
27,184
27,226
27,232
27,257
27,265
27,268
27,275
27,295
27,312
27,327
27,353
27,372
27,407
27,429
27,441
27,464
27,477
27,498
27,504
27,544
27,612
27,674
27,720
27,763
27,797
27,884
27,886
27,945
27,979
27,1518
28,46
28,61
28,147
28,160
28,171
28,177
28,184
28,202
28,214
28,226
28,272
28,275
28,295
28,311
28,312
28,327
28,339
28,353
28,372
28,400
28,407
28,429
28,441
28,464
28,471
28,477
28,489
28,504
28,544
28,545
28,653
28,720
28,763
28,884
28,941
28,945
28,954
28,970
28,979
32,58
32,131
32,176
32,194
32,227
32,232
32,241
32,248
32,333
32,440
32,452
32,491
32,624
32,674
32,797
32,893
32,917
32,920
32,958
32,960
32,977
32,1212
32,1359
32,1423
34,38
34,41
34,54
34,151
34,156
34,159
34,201
34,211
34,220
34,236
34,242
34,243
34,245
34,285
34,335
34,372
34,387
34,424
34,429
34,502
34,525
34,605
34,634
34,642
34,658
34,687
34,691
34,694
34,753
34,866
34,869
34,874
34,1870
34,1894
38,41
38,54
38,65
38,72
38,119
38,151
38,156
38,159
38,171
38,179
38,185
38,201
38,205
38,210
38,213
38,219
38,220
38,243
38,245
38,269
38,322
38,372
38,382
38,387
38,420
38,454
38,502
38,525
38,564
38,577
38,582
38,605
38,634
38,640
38,642
38,653
38,658
38,677
38,687
38,691
38,694
38,753
38,866
38,869
38,874
38,958
38,1216
38,1332
38,1359
38,1412
38,1512
38,1805
39,46
39,63
39,101
39,106
39,111
39,117
39,119
39,122
39,170
39,179
39,190
39,196
39,205
39,240
39,252
39,265
39,275
39,346
39,364
39,372
39,374
39,376
39,445
39,447
39,494
39,605
39,626
39,649
39,677
39,720
39,871
39,883
39,894
39,939
39,959
41,54
41,106
41,119
41,151
41,156
41,159
41,201
41,219
41,220
41,243
41,245
41,353
41,387
41,390
41,391
41,420
41,513
41,525
41,576
41,582
41,605
41,624
41,634
41,640
41,642
41,655
41,658
41,687
41,691
41,694
41,753
41,866
41,869
41,874
41,938
41,1237
41,1320
41,1332
41,1412
41,1518
41,1543
41,1828
45,48
45,61
45,63
45,71
45,79
45,80
45,89
45,92
45,120
45,122
45,134
45,172
45,179
45,194
45,200
45,202
45,210
45,211
45,232
45,242
45,253
45,254
45,256
45,279
45,280
45,285
45,311
45,322
45,335
45,372
45,376
45,382
45,388
45,413
45,448
45,453
45,471
45,480
45,488
45,492
45,496
45,497
45,525
45,545
45,582
45,601
45,622
45,674
45,706
45,743
45,765
45,784
45,845
45,882
45,977
45,998
45,1204
45,1228
45,1518
46,61
46,63
46,117
46,147
46,160
46,170
46,179
46,196
46,226
46,257
46,268
46,306
46,339
46,353
46,364
46,424
46,441
46,464
46,504
46,674
46,720
46,884
46,886
47,125
47,241
47,246
47,306
47,325
47,333
47,424
47,446
47,491
47,622
47,769
47,921
47,960
47,1359
48,79
48,80
48,89
48,120
48,134
48,196
48,200
48,232
48,253
48,254
48,265
48,285
48,311
48,322
48,382
48,388
48,413
48,453
48,480
48,492
48,496
48,601
48,706
48,779
48,845
48,998
48,1214
48,1216
48,1512
54,115
54,151
54,156
54,159
54,201
54,219
54,220
54,243
54,245
54,279
54,290
54,446
54,454
54,502
54,525
54,564
54,576
54,577
54,582
54,605
54,634
54,640
54,642
54,658
54,691
54,753
54,866
54,869
54,874
54,908
54,1218
54,1237
54,1238
54,1260
54,1332
54,1543
54,1784
55,101
55,106
55,117
55,170
55,179
55,196
55,202
55,205
55,240
55,252
55,265
55,272
55,275
55,364
55,425
55,447
55,494
55,545
55,626
55,653
55,674
55,778
55,779
55,871
55,883
55,894
55,939
58,85
58,115
58,116
58,131
58,134
58,151
58,176
58,181
58,185
58,190
58,209
58,211
58,213
58,227
58,232
58,241
58,254
58,256
58,267
58,269
58,276
58,322
58,335
58,356
58,382
58,388
58,390
58,413
58,450
58,496
58,533
58,548
58,603
58,615
58,621
58,744
58,765
58,786
58,836
58,843
58,867
58,884
58,923
58,938
58,941
58,984
58,1518
61,63
61,101
61,147
61,160
61,171
61,177
61,179
61,184
61,196
61,202
61,226
61,239
61,257
61,268
61,272
61,295
61,312
61,327
61,339
61,346
61,353
61,372
61,407
61,424
61,429
61,440
61,441
61,464
61,477
61,491
61,504
61,525
61,544
61,612
61,720
61,763
61,778
61,779
61,784
61,797
61,884
61,886
61,927
61,958
61,979
61,984
62,145
62,945
63,70
63,101
63,106
63,117
63,119
63,122
63,125
63,132
63,170
63,173
63,179
63,196
63,199
63,202
63,232
63,240
63,272
63,275
63,346
63,364
63,425
63,447
63,494
63,545
63,576
63,626
63,649
63,653
63,674
63,720
63,778
63,779
63,883
63,884
63,894
63,927
63,939
63,1212
63,1332
63,1412
65,72
65,111
65,122
65,124
65,145
65,147
65,177
65,184
65,295
65,353
65,374
65,400
65,407
65,428
65,443
65,465
65,471
65,475
65,487
65,489
65,498
65,527
65,531
65,637
65,653
65,674
65,677
65,809
65,854
65,857
65,859
65,945
65,954
65,970
65,984
65,991
70,101
70,106
70,111
70,119
70,122
70,132
70,145
70,179
70,184
70,196
70,199
70,202
70,205
70,240
70,255
70,265
70,272
70,275
70,279
70,327
70,346
70,364
70,374
70,425
70,447
70,527
70,545
70,605
70,626
70,649
70,653
70,778
70,779
70,883
70,954
70,1518
71,79
71,80
71,87
71,89
71,92
71,120
71,125
71,134
71,172
71,194
71,200
71,210
71,211
71,242
71,285
71,311
71,322
71,388
71,390
71,413
71,448
71,450
71,453
71,480
71,488
71,492
71,496
71,601
71,706
71,791
71,826
71,845
71,882
71,998
72,111
72,124
72,145
72,147
72,177
72,184
72,272
72,275
72,295
72,312
72,325
72,353
72,374
72,407
72,424
72,428
72,443
72,465
72,471
72,475
72,486
72,487
72,489
72,498
72,527
72,531
72,627
72,650
72,653
72,674
72,677
72,725
72,763
72,778
72,809
72,857
72,859
72,871
72,938
72,954
72,970
72,984
72,991
72,1412
72,1805
79,80
79,89
79,92
79,120
79,134
79,200
79,210
79,232
79,253
79,254
79,275
79,280
79,285
79,311
79,322
79,335
79,372
79,388
79,448
79,453
79,480
79,488
79,489
79,492
79,496
79,601
79,674
79,706
79,836
79,845
79,941
79,970
79,998
79,1228
79,1332
79,1412
80,87
80,89
80,92
80,120
80,134
80,172
80,176
80,194
80,200
80,210
80,211
80,232
80,242
80,245
80,253
80,275
80,285
80,311
80,322
80,372
80,413
80,448
80,450
80,468
80,480
80,488
80,492
80,496
80,582
80,601
80,706
80,743
80,751
80,826
80,836
80,845
80,941
80,998
85,87
85,115
85,116
85,131
85,134
85,176
85,181
85,184
85,185
85,190
85,194
85,213
85,214
85,254
85,256
85,258
85,267
85,276
85,311
85,335
85,343
85,356
85,382
85,388
85,390
85,425
85,441
85,548
85,601
85,603
85,605
85,621
85,702
85,765
85,836
85,867
85,923
85,938
85,941
85,1201
85,1518
87,92
87,134
87,179
87,194
87,210
87,211
87,213
87,242
87,285
87,311
87,322
87,335
87,356
87,388
87,413
87,448
87,450
87,488
87,492
87,496
87,601
87,603
87,649
87,765
87,791
87,826
87,836
89,92
89,120
89,134
89,170
89,194
89,200
89,210
89,211
89,227
89,232
89,242
89,245
89,248
89,253
89,276
89,285
89,322
89,376
89,413
89,448
89,453
89,480
89,488
89,492
89,496
89,601
89,706
89,751
89,791
89,798
89,826
89,845
89,866
89,998
90,125
90,213
90,227
90,232
90,241
90,246
90,248
90,269
90,290
90,325
90,333
90,376
90,424
90,440
90,446
90,452
90,491
90,496
90,497
90,605
90,615
90,622
90,624
90,647
90,769
90,797
90,798
90,836
90,882
90,893
90,909
90,917
90,920
90,921
90,959
90,960
90,977
90,1218
90,1324
90,1332
92,103
92,120
92,125
92,134
92,149
92,172
92,194
92,200
92,210
92,211
92,232
92,242
92,253
92,276
92,285
92,322
92,390
92,413
92,448
92,450
92,453
92,468
92,480
92,488
92,492
92,496
92,601
92,706
92,743
92,845
92,893
92,1423
101,106
101,117
101,119
101,122
101,132
101,145
101,172
101,179
101,196
101,199
101,202
101,240
101,252
101,255
101,272
101,275
101,333
101,343
101,346
101,353
101,356
101,364
101,374
101,376
101,425
101,429
101,447
101,464
101,494
101,545
101,605
101,626
101,649
101,694
101,778
101,871
101,894
101,939
101,984
103,210
103,366
103,376
103,387
103,438
103,605
103,974
103,1228
103,1295
103,1401
103,1518
106,111
106,115
106,117
106,119
106,122
106,124
106,145
106,147
106,170
106,177
106,179
106,184
106,190
106,196
106,199
106,201
106,202
106,205
106,240
106,245
106,252
106,255
106,265
106,268
106,272
106,275
106,280
106,312
106,327
106,364
106,372
106,425
106,429
106,441
106,447
106,464
106,475
106,487
106,494
106,504
106,527
106,531
106,544
106,545
106,587
106,605
106,626
106,634
106,649
106,650
106,653
106,691
106,694
106,720
106,725
106,778
106,779
106,784
106,798
106,859
106,869
106,871
106,883
106,884
106,894
106,927
106,939
106,954
106,984
106,1067
106,1212
106,1214
106,1216
106,1295
106,1339
106,1345
106,1512
106,1594
106,1805
111,117
111,124
111,145
111,176
111,177
111,179
111,400
111,428
111,465
111,475
111,486
111,487
111,498
111,527
111,531
111,637
111,650
111,674
111,677
111,725
111,778
111,809
111,854
111,857
111,859
111,927
111,945
111,970
111,984
111,991
111,1332
111,1342
111,1412
115,116
115,131
115,176
115,181
115,185
115,190
115,209
115,213
115,214
115,245
115,254
115,256
115,258
115,267
115,269
115,272
115,276
115,312
115,335
115,343
115,356
115,382
115,388
115,390
115,533
115,612
115,621
115,744
115,765
115,784
115,786
115,836
115,843
115,923
115,938
115,941
115,958
115,1260
116,131
116,134
116,176
116,181
116,185
116,190
116,213
116,222
116,256
116,258
116,267
116,269
116,276
116,333
116,335
116,343
116,382
116,388
116,390
116,471
116,533
116,603
116,621
116,744
116,765
116,786
116,836
116,843
116,867
116,884
116,923
116,938
116,941
116,1518
117,119
117,122
117,147
117,170
117,179
117,196
117,199
117,202
117,205
117,240
117,252
117,265
117,268
117,272
117,275
117,346
117,364
117,374
117,425
117,447
117,494
117,498
117,587
117,626
117,778
117,779
117,871
117,883
117,894
117,927
117,939
117,1894
119,122
119,132
119,160
119,170
119,179
119,196
119,199
119,202
119,205
119,240
119,252
119,255
119,265
119,272
119,275
119,346
119,364
119,374
119,425
119,447
119,497
119,545
119,587
119,626
119,649
119,653
119,778
119,779
119,871
119,883
119,884
119,894
119,945
119,954
120,160
120,170
120,172
120,176
120,194
120,200
120,210
120,211
120,232
120,242
120,245
120,253
120,285
120,311
120,322
120,388
120,400
120,413
120,435
120,448
120,450
120,468
120,480
120,488
120,492
120,496
120,601
120,706
120,743
120,791
120,826
120,845
120,1228
120,1412
120,1594
122,132
122,145
122,170
122,179
122,184
122,199
122,205
122,240
122,255
122,265
122,272
122,275
122,339
122,346
122,364
122,366
122,374
122,387
122,425
122,428
122,429
122,447
122,489
122,494
122,545
122,587
122,626
122,649
122,650
122,653
122,694
122,778
122,779
122,871
122,883
122,884
122,894
122,938
122,954
122,979
122,984
122,991
122,1412
124,145
124,177
124,190
124,202
124,205
124,272
124,327
124,372
124,464
124,465
124,471
124,475
124,486
124,487
124,489
124,498
124,527
124,531
124,650
124,674
124,677
124,681
124,725
124,779
124,797
124,809
124,854
124,859
124,927
124,970
124,984
124,991
125,131
125,160
125,179
125,227
125,232
125,241
125,246
125,248
125,306
125,325
125,333
125,424
125,440
125,468
125,489
125,491
125,615
125,622
125,624
125,647
125,769
125,790
125,797
125,798
125,845
125,893
125,909
125,917
125,960
125,977
125,1216
125,1218
125,1332
125,1359
125,1423
131,176
131,194
131,211
131,213
131,227
131,241
131,242
131,254
131,256
131,258
131,267
131,269
131,276
131,333
131,335
131,343
131,356
131,382
131,390
131,440
131,450
131,548
131,786
131,836
131,843
131,920
131,977
131,1512
132,145
132,170
132,171
132,179
132,196
132,199
132,202
132,227
132,240
132,252
132,255
132,265
132,272
132,275
132,364
132,374
132,420
132,425
132,428
132,447
132,489
132,504
132,545
132,603
132,626
132,649
132,650
132,653
132,694
132,744
132,778
132,883
132,939
132,1212
132,1214
132,1238
132,1359
134,172
134,176
134,181
134,190
134,194
134,200
134,210
134,211
134,213
134,232
134,253
134,254
134,256
134,267
134,285
134,311
134,322
134,333
134,335
134,356
134,382
134,388
134,390
134,413
134,448
134,450
134,453
134,454
134,480
134,488
134,492
134,496
134,601
134,603
134,706
134,765
134,826
134,836
134,845
134,893
134,938
134,1214
134,1295
134,1518
145,177
145,245
145,255
145,272
145,400
145,425
145,428
145,443
145,447
145,465
145,471
145,475
145,486
145,487
145,489
145,498
145,637
145,650
145,674
145,809
145,854
145,859
145,884
145,927
145,945
145,954
145,970
145,991
145,1218
145,1401
147,160
147,171
147,181
147,184
147,196
147,226
147,239
147,254
147,257
147,267
147,268
147,272
147,285
147,295
147,312
147,327
147,339
147,353
147,372
147,407
147,429
147,441
147,443
147,477
147,487
147,498
147,504
147,544
147,545
147,577
147,653
147,674
147,694
147,720
147,763
147,778
147,779
147,869
147,884
147,894
147,954
147,979
147,984
147,991
147,1204
147,1336
147,1359
149,274
149,277
149,280
149,484
149,605
149,642
149,1519
151,156
151,159
151,201
151,220
151,236
151,243
151,245
151,387
151,420
151,502
151,510
151,513
151,564
151,576
151,577
151,582
151,605
151,634
151,640
151,642
151,658
151,691
151,694
151,753
151,778
151,866
151,869
151,874
151,958
151,1216
151,1320
151,1332
151,1359
151,1383
156,159
156,200
156,201
156,220
156,243
156,245
156,279
156,420
156,454
156,502
156,525
156,564
156,576
156,582
156,605
156,634
156,638
156,640
156,642
156,658
156,687
156,691
156,694
156,753
156,843
156,866
156,869
156,874
156,884
156,958
156,1212
156,1214
156,1216
156,1320
156,1359
156,1383
156,1543
159,201
159,219
159,220
159,243
159,245
159,387
159,420
159,454
159,502
159,525
159,582
159,605
159,634
159,640
159,642
159,653
159,658
159,691
159,694
159,753
159,866
159,869
159,874
159,958
159,1512
160,176
160,177
160,184
160,185
160,202
160,226
160,257
160,268
160,269
160,272
160,275
160,295
160,312
160,327
160,339
160,353
160,372
160,407
160,447
160,464
160,498
160,504
160,544
160,612
160,626
160,674
160,694
160,763
160,778
160,809
160,884
160,886
160,1201
160,1204
165,257
165,268
165,339
165,498
165,674
165,884
170,179
170,196
170,202
170,205
170,240
170,252
170,265
170,272
170,285
170,364
170,374
170,447
170,494
170,545
170,653
170,778
170,779
170,871
170,883
170,894
170,939
171,173
171,184
171,295
171,327
171,372
171,407
171,428
171,429
171,441
171,464
171,477
171,498
171,720
172,176
172,194
172,200
172,210
172,211
172,220
172,232
172,242
172,243
172,245
172,269
172,285
172,311
172,413
172,448
172,450
172,468
172,480
172,488
172,492
172,496
172,601
172,658
172,706
172,743
172,826
172,845
172,958
172,1214
172,1366
173,179
173,196
173,232
173,257
173,295
173,312
173,327
173,372
173,407
173,429
173,441
173,464
173,477
173,504
173,564
173,720
173,763
173,797
173,958
173,1366
173,1518
176,181
176,185
176,190
176,209
176,213
176,214
176,222
176,227
176,245
176,254
176,256
176,258
176,267
176,269
176,275
176,276
176,285
176,335
176,343
176,356
176,382
176,388
176,390
176,391
176,484
176,487
176,533
176,548
176,601
176,603
176,612
176,621
176,725
176,743
176,744
176,765
176,784
176,836
176,843
176,867
176,886
176,893
176,923
176,927
176,938
176,941
176,1332
176,1518
177,184
177,202
177,226
177,400
177,407
177,428
177,443
177,464
177,465
177,471
177,475
177,486
177,487
177,489
177,494
177,498
177,527
177,531
177,545
177,626
177,627
177,637
177,650
177,653
177,674
177,677
177,706
177,725
177,786
177,809
177,854
177,857
177,859
177,884
177,927
177,945
177,954
177,970
177,984
177,991
177,1216
177,1339
179,185
179,196
179,199
179,202
179,211
179,240
179,252
179,255
179,257
179,265
179,272
179,275
179,333
179,346
179,364
179,374
179,447
179,464
179,487
179,488
179,494
179,545
179,576
179,612
179,626
179,649
179,653
179,720
179,769
179,778
179,779
179,871
179,884
179,894
179,939
179,1218
179,1332
179,1543
181,209
181,256
181,267
181,333
181,335
181,343
181,388
181,390
181,441
181,496
181,533
181,603
181,765
181,843
181,938
181,941
184,205
184,213
184,226
184,239
184,240
184,257
184,268
184,272
184,312
184,327
184,339
184,353
184,364
184,372
184,407
184,429
184,440
184,441
184,447
184,452
184,464
184,471
184,498
184,504
184,544
184,603
184,626
184,653
184,720
184,883
184,884
184,954
184,970
184,1218
184,1359
184,1518
185,190
185,213
185,214
185,232
185,248
185,254
185,256
185,258
185,267
185,269
185,276
185,325
185,343
185,356
185,382
185,388
185,390
185,443
185,533
185,601
185,603
185,612
185,621
185,677
185,744
185,784
185,786
185,836
185,843
185,923
185,938
185,941
185,998
185,1218
190,205
190,209
190,213
190,214
190,241
190,245
190,254
190,256
190,258
190,267
190,269
190,272
190,276
190,306
190,335
190,356
190,382
190,390
190,447
190,487
190,603
190,649
190,744
190,765
190,778
190,784
190,786
190,836
190,843
190,871
190,884
190,893
190,923
190,938
190,941
190,977
190,1201
194,200
194,210
194,211
194,227
194,232
194,241
194,242
194,253
194,254
194,285
194,311
194,322
194,333
194,376
194,388
194,390
194,413
194,440
194,448
194,450
194,452
194,453
194,468
194,480
194,488
194,492
194,496
194,706
194,743
194,751
194,791
194,826
194,836
194,845
194,893
194,920
194,958
194,998
194,1423
196,199
196,205
196,240
196,252
196,257
196,265
196,268
196,272
196,275
196,312
196,339
196,346
196,364
196,374
196,407
196,425
196,428
196,443
196,447
196,494
196,531
196,626
196,649
196,653
196,720
196,778
196,779
196,871
196,883
196,884
196,894
196,939
196,979
199,202
199,205
199,240
199,252
199,255
199,265
199,272
199,275
199,346
199,364
199,374
199,425
199,447
199,494
199,527
199,545
199,626
199,649
199,650
199,653
199,720
199,778
199,871
199,883
199,894
199,939
199,954
200,210
200,211
200,232
200,242
200,253
200,254
200,285
200,311
200,322
200,335
200,388
200,413
200,448
200,450
200,453
200,480
200,488
200,492
200,496
200,513
200,601
200,603
200,706
200,743
200,751
200,791
200,826
200,845
200,882
200,998
200,1518
201,219
201,220
201,243
201,245
201,382
201,420
201,454
201,502
201,525
201,582
201,603
201,605
201,634
201,640
201,642
201,658
201,687
201,691
201,694
201,753
201,866
201,869
201,874
201,1332
201,1518
202,205
202,252
202,265
202,272
202,275
202,311
202,353
202,364
202,372
202,374
202,407
202,425
202,440
202,447
202,453
202,464
202,471
202,496
202,545
202,626
202,653
202,674
202,778
202,779
202,871
202,939
202,954
202,984
202,1512
202,1518
205,240
205,252
205,255
205,265
205,272
205,275
205,364
205,475
205,494
205,527
205,531
205,545
205,587
205,634
205,649
205,691
205,778
205,779
205,871
205,883
205,894
205,939
205,1332
209,222
209,267
209,276
209,335
209,356
209,390
209,548
209,621
209,765
209,836
209,843
209,867
209,941
210,211
210,220
210,232
210,240
210,242
210,253
210,285
210,322
210,388
210,390
210,391
210,413
210,448
210,450
210,480
210,488
210,492
210,496
210,601
210,605
210,706
210,743
210,797
210,826
210,845
210,882
210,958
210,974
210,1216
210,1342
210,1359
210,1423
210,1805
211,227
211,232
211,242
211,253
211,255
211,285
211,311
211,322
211,335
211,388
211,413
211,448
211,450
211,453
211,480
211,488
211,492
211,496
211,601
211,647
211,706
211,791
211,826
211,836
211,843
211,845
211,920
211,1212
211,1214
211,1870
213,214
213,254
213,256
213,258
213,269
213,272
213,275
213,312
213,335
213,356
213,376
213,382
213,533
213,545
213,601
213,603
213,621
213,744
213,765
213,784
213,836
213,843
213,886
213,938
213,958
214,254
214,256
214,258
214,267
214,269
214,275
214,276
214,312
214,343
214,382
214,388
214,390
214,424
214,603
214,612
214,640
214,744
214,784
214,786
214,836
214,843
214,854
214,867
214,886
214,923
214,938
219,290
219,387
219,491
219,582
219,605
219,634
219,640
219,642
219,658
219,687
219,691
219,753
219,777
219,866
219,869
219,874
219,1324
220,243
220,245
220,420
220,502
220,582
220,605
220,634
220,640
220,642
220,658
220,687
220,691
220,753
220,866
220,869
220,874
220,1332
222,227
222,254
222,256
222,267
222,276
222,335
222,343
222,356
222,548
222,621
222,836
222,843
222,867
222,941
222,960
226,239
226,257
226,268
226,295
226,312
226,327
226,339
226,353
226,372
226,407
226,429
226,464
226,504
226,544
226,612
226,653
226,720
226,884
226,945
226,984
227,232
227,241
227,242
227,333
227,376
227,424
227,440
227,446
227,452
227,492
227,520
227,769
227,797
227,798
227,841
227,893
227,909
227,917
227,920
227,958
227,959
227,960
227,977
227,1423
232,242
232,248
232,253
232,256
232,269
232,285
232,311
232,322
232,333
232,343
232,372
232,388
232,413
232,424
232,429
232,440
232,448
232,450
232,480
232,488
232,492
232,496
232,601
232,603
232,621
232,706
232,743
232,751
232,777
232,784
232,786
232,791
232,798
232,826
232,845
232,893
232,917
232,938
232,941
232,977
232,998
232,1228
236,274
236,279
236,290
236,376
236,391
236,435
236,445
236,484
236,497
236,498
236,513
236,702
236,841
236,908
236,958
236,959
236,1228
239,327
239,407
239,429
239,464
239,477
239,491
239,504
239,544
239,720
240,252
240,255
240,265
240,272
240,275
240,327
240,346
240,364
240,374
240,425
240,447
240,527
240,544
240,605
240,626
240,649
240,658
240,725
240,778
240,779
240,894
240,939
240,991
240,1218
241,246
241,248
241,256
241,267
241,306
241,325
241,333
241,366
241,424
241,440
241,452
241,496
241,615
241,621
241,624
241,647
241,769
241,790
241,798
241,893
241,920
241,921
241,960
241,977
242,253
242,255
242,275
242,285
242,322
242,335
242,388
242,413
242,448
242,450
242,480
242,488
242,492
242,496
242,601
242,706
242,791
242,826
242,843
242,845
242,1870
243,245
243,387
243,420
243,454
243,502
243,520
243,525
243,577
243,582
243,605
243,634
243,640
243,642
243,658
243,687
243,694
243,753
243,866
243,869
243,874
243,958
243,1212
243,1214
243,1342
243,1805
243,1828
245,272
245,285
245,372
245,376
245,420
245,429
245,435
245,440
245,441
245,454
245,488
245,489
245,502
245,520
245,525
245,582
245,605
245,634
245,638
245,640
245,642
245,658
245,677
245,691
245,706
245,753
245,778
245,841
245,866
245,869
245,874
245,958
245,1067
245,1218
245,1228
245,1237
245,1295
245,1332
245,1336
245,1518
245,1543
246,306
246,325
246,333
246,390
246,413
246,424
246,440
246,452
246,601
246,615
246,647
246,790
246,797
246,893
246,921
246,977
248,306
248,322
248,325
248,333
248,413
248,424
248,440
248,446
248,452
248,615
248,622
248,769
248,797
248,798
248,893
248,917
248,921
248,960
248,977
248,1332
252,255
252,265
252,272
252,275
252,346
252,364
252,374
252,425
252,477
252,494
252,587
252,605
252,626
252,649
252,650
252,653
252,720
252,778
252,779
252,790
252,871
252,883
252,894
252,939
252,945
252,1485
253,285
253,311
253,322
253,413
253,448
253,480
253,488
253,492
253,496
253,601
253,706
253,743
253,751
253,826
253,845
253,998
254,256
254,258
254,267
254,269
254,275
254,276
254,280
254,306
254,333
254,335
254,343
254,382
254,390
254,413
254,477
254,533
254,548
254,601
254,603
254,621
254,744
254,765
254,779
254,784
254,786
254,826
254,836
254,843
254,867
254,920
254,923
254,938
254,941
255,257
255,272
255,275
255,312
255,346
255,374
255,425
255,447
255,475
255,545
255,649
255,653
255,779
255,884
255,939
255,977
256,258
256,267
256,269
256,276
256,333
256,335
256,343
256,356
256,382
256,390
256,450
256,452
256,453
256,491
256,533
256,548
256,601
256,603
256,621
256,658
256,694
256,744
256,765
256,779
256,786
256,836
256,843
256,867
256,893
256,923
256,938
256,941
256,954
256,960
256,998
257,268
257,275
257,295
257,312
257,327
257,339
257,353
257,372
257,374
257,464
257,489
257,504
257,527
257,612
257,650
257,720
257,857
257,884
257,1412
258,267
258,269
258,276
258,312
258,335
258,356
258,372
258,382
258,390
258,525
258,603
258,612
258,621
258,744
258,765
258,784
258,786
258,797
258,836
258,886
258,938
258,1218
265,272
265,275
265,346
265,364
265,374
265,425
265,447
265,494
265,545
265,587
265,601
265,649
265,653
265,720
265,778
265,779
265,871
265,883
265,894
267,269
267,276
267,335
267,343
267,356
267,382
267,388
267,390
267,477
267,480
267,533
267,601
267,603
267,621
267,744
267,765
267,784
267,786
267,791
267,836
267,843
267,867
267,923
267,938
267,941
267,998
268,295
268,312
268,327
268,339
268,353
268,364
268,407
268,441
268,464
268,504
268,544
268,612
268,650
268,674
268,884
268,886
268,979
269,276
269,335
269,356
269,382
269,390
269,496
269,603
269,621
269,744
269,765
269,784
269,786
269,836
269,843
269,923
269,938
269,941
269,1201
269,1412
272,275
272,306
272,327
272,339
272,364
272,372
272,407
272,425
272,428
272,429
272,441
272,443
272,447
272,464
272,471
272,487
272,494
272,544
272,545
272,587
272,615
272,626
272,638
272,653
272,674
272,691
272,720
272,778
272,779
272,859
272,871
272,883
272,884
272,894
272,927
272,939
272,945
272,970
272,1212
272,1214
272,1216
272,1295
272,1512
272,1805
274,277
274,280
274,290
274,366
274,376
274,387
274,391
274,435
274,438
274,484
274,497
274,991
274,1204
274,1216
274,1805
274,1828
275,312
275,327
275,339
275,346
275,372
275,374
275,425
275,441
275,447
275,477
275,487
275,494
275,527
275,531
275,545
275,612
275,626
275,649
275,650
275,653
275,674
275,743
275,779
275,797
275,854
275,871
275,883
275,886
275,894
275,927
275,939
275,1216
275,1423
275,1543
275,1594
276,279
276,285
276,322
276,335
276,343
276,356
276,382
276,388
276,390
276,492
276,496
276,533
276,603
276,621
276,744
276,765
276,784
276,786
276,836
276,843
276,867
276,923
276,938
276,941
277,290
277,387
277,438
277,445
277,466
277,502
277,510
277,513
277,655
277,658
277,691
277,702
277,841
277,866
277,869
277,908
277,1359
277,1870
277,1894
279,280
279,290
279,366
279,376
279,387
279,391
279,435
279,446
279,497
279,510
279,638
279,753
279,777
279,797
279,845
279,908
279,958
279,974
279,1067
279,1214
279,1228
279,1260
279,1320
279,1336
279,1401
279,1485
279,1512
279,1518
279,1543
279,1784
279,1819
280,290
280,327
280,366
280,376
280,387
280,391
280,435
280,466
280,484
280,497
280,513
280,605
280,777
280,841
280,908
280,1216
280,1512
280,1518
280,1543
280,1805
285,311
285,322
285,413
285,428
285,448
285,450
285,453
285,468
285,480
285,488
285,492
285,496
285,545
285,601
285,647
285,706
285,743
285,791
285,797
285,826
285,836
285,845
285,920
285,938
285,958
285,998
285,1228
285,1237
285,1238
285,1359
285,1423
285,1594
290,366
290,376
290,387
290,435
290,438
290,466
290,484
290,491
290,497
290,510
290,513
290,582
290,605
290,642
290,655
290,702
290,777
290,841
290,958
290,1204
290,1228
290,1238
290,1260
290,1324
290,1485
290,1518
290,1543
290,1784
295,312
295,327
295,339
295,353
295,372
295,407
295,429
295,441
295,464
295,504
295,612
295,653
295,674
295,720
295,763
295,854
295,884
295,886
295,954
295,979
295,1594
306,325
306,327
306,333
306,424
306,471
306,576
306,638
306,647
306,649
306,798
306,841
306,867
306,893
306,917
306,921
306,960
306,977
306,1238
306,1543
311,322
311,388
311,413
311,448
311,453
311,480
311,488
311,492
311,496
311,545
311,601
311,603
311,674
311,706
311,743
311,836
311,845
311,938
311,998
311,1359
312,339
312,353
312,440
312,441
312,464
312,498
312,504
312,525
312,544
312,612
312,674
312,720
312,797
312,884
312,886
312,979
312,1332
312,1423
322,372
322,388
322,413
322,424
322,448
322,450
322,452
322,480
322,488
322,492
322,496
322,502
322,525
322,601
322,706
322,743
322,751
322,771
322,791
322,797
322,826
322,845
322,917
322,998
322,1401
322,1512
325,333
325,420
325,424
325,440
325,452
325,491
325,496
325,622
325,624
325,647
325,649
325,769
325,790
325,797
325,798
325,893
325,909
325,917
325,920
325,921
325,959
325,960
325,977
325,1204
325,1336
325,1412
325,1423
327,353
327,372
327,407
327,429
327,441
327,447
327,464
327,471
327,477
327,504
327,544
327,720
327,763
327,884
327,939
333,388
333,424
333,434
333,440
333,452
333,491
333,492
333,601
333,615
333,622
333,624
333,634
333,647
333,769
333,797
333,798
333,867
333,893
333,909
333,917
333,920
333,921
333,959
333,960
333,977
333,1332
333,1359
335,343
335,356
335,388
335,390
335,424
335,601
335,603
335,621
335,674
335,694
335,765
335,836
335,867
335,923
335,938
335,1212
339,353
339,372
339,387
339,407
339,441
339,477
339,504
339,544
339,674
339,720
339,884
339,979
343,390
343,564
343,621
343,765
343,784
343,836
343,843
343,867
343,884
343,923
343,941
346,353
346,364
346,374
346,425
346,447
346,486
346,489
346,494
346,653
346,778
346,871
346,939
346,970
353,372
353,374
353,407
353,429
353,441
353,464
353,504
353,544
353,545
353,612
353,637
353,653
353,720
353,763
353,871
353,884
353,886
353,954
353,979
353,984
353,991
353,1594
356,382
356,390
356,450
356,498
356,533
356,548
356,744
356,765
356,836
356,843
356,867
356,938
356,941
364,374
364,425
364,447
364,494
364,527
364,587
364,626
364,649
364,650
364,653
364,720
364,778
364,779
364,871
364,894
364,939
366,376
366,387
366,438
366,466
366,484
366,497
366,513
366,576
366,720
366,841
366,908
366,958
366,974
366,1295
366,1324
366,1332
366,1345
366,1485
372,407
372,428
372,429
372,441
372,447
372,464
372,471
372,475
372,477
372,498
372,504
372,544
372,601
372,603
372,605
372,612
372,626
372,649
372,720
372,884
372,886
372,927
372,1218
372,1228
372,1512
374,425
374,440
374,489
374,527
374,531
374,649
374,653
374,677
374,778
374,779
374,871
374,939
374,1423
376,387
376,391
376,420
376,424
376,435
376,438
376,445
376,466
376,484
376,496
376,497
376,513
376,601
376,605
376,638
376,655
376,694
376,702
376,777
376,841
376,859
376,866
376,908
376,958
376,974
376,991
376,1214
376,1216
376,1218
376,1228
376,1238
376,1295
376,1320
376,1324
376,1332
376,1336
376,1339
376,1342
376,1345
376,1359
376,1401
376,1412
376,1423
376,1485
376,1512
376,1518
376,1519
376,1543
376,1784
376,1819
382,390
382,424
382,533
382,601
382,603
382,621
382,677
382,744
382,765
382,784
382,786
382,836
382,867
382,923
382,938
382,941
382,1518
387,391
387,438
387,445
387,484
387,510
387,513
387,527
387,582
387,605
387,615
387,634
387,638
387,655
387,658
387,691
387,702
387,753
387,777
387,841
387,866
387,869
387,874
387,908
387,958
387,974
387,998
387,1201
387,1332
387,1345
387,1359
388,390
388,413
388,448
388,450
388,453
388,480
388,488
388,492
388,496
388,525
388,603
388,706
388,836
388,845
388,923
388,938
388,998
390,407
390,496
390,533
390,603
390,621
390,658
390,744
390,765
390,836
390,867
390,893
390,894
390,923
390,938
390,941
391,466
391,484
391,497
391,520
391,576
391,638
391,777
391,908
391,958
391,1324
391,1336
391,1485
400,407
400,443
400,465
400,489
400,498
400,637
400,650
400,653
400,809
400,857
400,945
400,954
400,984
400,991
407,429
407,441
407,443
407,464
407,477
407,489
407,498
407,504
407,531
407,545
407,615
407,653
407,674
407,720
407,763
407,778
407,809
407,884
407,886
407,945
407,954
407,984
407,991
407,1894
413,448
413,453
413,480
413,488
413,492
413,496
413,601
413,603
413,706
413,751
413,771
413,791
413,826
413,845
413,998
413,1518
413,1543
420,454
420,502
420,510
420,525
420,564
420,605
420,634
420,640
420,642
420,687
420,691
420,797
420,841
420,866
420,869
420,874
420,958
420,959
420,1218
420,1320
420,1423
420,1518
420,1894
424,440
424,446
424,452
424,466
424,488
424,491
424,520
424,601
424,605
424,612
424,622
424,624
424,634
424,674
424,893
424,917
424,920
424,954
424,959
424,977
424,1359
424,1485
424,1543
425,447
425,545
425,626
425,649
425,653
425,674
425,687
425,778
425,894
428,443
428,465
428,475
428,486
428,489
428,498
428,527
428,626
428,627
428,637
428,650
428,674
428,677
428,725
428,809
428,854
428,857
428,859
428,884
428,927
428,945
428,954
428,970
428,984
428,991
428,1339
429,441
429,464
429,498
429,504
429,544
429,650
429,653
429,720
429,744
429,871
429,884
434,440
434,615
434,797
435,466
435,484
435,492
435,497
435,513
435,638
435,655
435,694
435,702
435,841
435,958
435,1228
435,1320
435,1332
435,1345
435,1518
435,1519
435,1819
438,484
438,510
438,513
438,605
438,638
438,655
438,694
438,867
438,908
438,958
438,977
438,1320
438,1359
438,1518
440,452
440,491
440,605
440,622
440,624
440,694
440,769
440,784
440,790
440,797
440,798
440,841
440,893
440,920
440,921
440,958
440,960
440,970
440,1212
440,1238
440,1359
440,1423
440,1518
441,447
441,464
441,471
441,477
441,498
441,504
441,544
441,720
441,763
441,778
441,784
441,884
441,939
441,979
443,484
443,489
443,498
443,504
443,615
443,627
443,637
443,647
443,650
443,778
443,809
443,857
443,859
443,884
443,941
443,945
443,954
443,970
443,984
443,991
443,1204
443,1412
445,484
445,513
445,702
445,777
446,452
446,605
446,615
446,753
446,893
446,908
446,917
446,960
446,1218
446,1238
446,1412
446,1543
447,626
447,649
447,653
447,694
447,725
447,778
447,871
447,939
447,954
447,991
448,450
448,453
448,468
448,480
448,488
448,492
448,496
448,601
448,706
448,743
448,771
448,791
448,826
448,882
448,938
448,998
448,1324
450,480
450,488
450,548
450,603
450,706
450,826
450,845
452,491
452,615
452,621
452,622
452,624
452,634
452,642
452,647
452,691
452,769
452,797
452,798
452,869
452,893
452,909
452,917
452,920
452,921
452,959
452,977
452,1295
452,1332
453,488
453,492
453,496
453,545
453,601
453,603
453,706
453,998
454,502
454,520
454,525
454,576
454,582
454,605
454,634
454,640
454,642
454,658
454,687
454,691
454,866
454,869
454,874
454,1212
454,1412
464,491
464,504
464,544
464,612
464,720
464,869
464,884
464,886
464,958
464,1828
465,486
465,487
465,489
465,498
465,527
465,531
465,612
465,627
465,650
465,677
465,725
465,854
465,857
465,886
465,927
465,970
465,984
466,484
466,497
466,638
466,655
466,702
466,841
466,958
466,1067
466,1336
466,1345
466,1518
468,845
471,475
471,486
471,487
471,498
471,527
471,544
471,627
471,637
471,650
471,674
471,677
471,681
471,778
471,809
471,857
471,859
471,970
471,984
471,991
471,1339
475,477
475,487
475,494
475,527
475,627
475,637
475,650
475,674
475,677
475,720
475,725
475,809
475,857
475,859
475,927
475,945
475,970
477,627
477,674
477,720
477,763
477,784
477,857
477,884
477,979
477,991
480,488
480,492
480,496
480,601
480,706
480,751
480,771
480,791
480,826
480,836
480,998
484,497
484,638
484,642
484,677
484,908
484,1204
484,1332
484,1345
484,1518
486,527
486,531
486,627
486,650
486,677
486,854
486,857
486,927
486,970
486,984
486,991
487,489
487,498
487,527
487,531
487,587
487,627
487,649
487,650
487,674
487,677
487,725
487,778
487,854
487,859
487,871
487,884
487,927
487,954
487,970
487,984
487,991
487,1332
487,1518
487,1594
488,492
488,496
488,525
488,601
488,706
488,743
488,751
488,791
488,826
488,882
488,998
488,1238
488,1423
489,498
489,637
489,674
489,809
489,854
489,857
489,859
489,945
489,954
489,970
489,991
489,1339
489,1359
491,520
491,576
491,605
491,615
491,624
491,647
491,687
491,769
491,777
491,797
491,798
491,893
491,908
491,909
491,917
491,920
491,921
491,959
491,960
491,977
491,1359
492,496
492,601
492,706
492,826
492,845
492,998
492,1216
492,1228
494,587
494,626
494,653
494,720
494,871
494,883
494,894
494,920
494,939
496,533
496,545
496,601
496,603
496,624
496,706
496,771
496,791
496,826
496,836
496,882
496,893
496,921
496,938
496,998
496,1819
497,642
497,655
497,841
497,909
497,1518
498,531
498,627
498,637
498,650
498,674
498,677
498,720
498,725
498,809
498,857
498,859
498,884
498,945
498,954
498,970
498,984
502,564
502,576
502,582
502,605
502,634
502,640
502,642
502,658
502,687
502,691
502,753
502,866
502,869
502,874
502,1332
502,1359
502,1518
502,1894
504,649
504,720
504,778
504,884
504,886
504,979
510,513
510,638
510,655
510,908
510,1332
510,1359
513,638
513,655
513,658
513,694
513,702
513,841
513,866
513,869
513,958
513,1320
513,1332
513,1345
513,1359
513,1819
520,525
520,564
520,576
520,577
520,587
520,640
520,642
525,564
525,576
525,577
525,582
525,605
525,612
525,640
525,642
525,658
525,687
525,694
525,797
525,866
525,869
525,874
525,958
525,1412
527,531
527,627
527,674
527,677
527,691
527,859
527,927
527,984
527,991
531,627
531,650
531,674
531,677
531,691
531,725
531,854
531,859
531,883
531,927
531,945
531,984
531,991
533,621
533,786
533,836
533,867
533,893
533,923
544,653
544,720
544,763
544,871
544,884
544,886
544,939
545,626
545,649
545,653
545,674
545,778
545,894
545,954
545,984
545,1518
548,621
548,836
548,843
548,867
548,938
548,941
564,576
564,577
564,605
564,634
564,642
564,658
564,687
564,694
564,753
564,845
564,866
564,874
564,977
564,1332
576,577
576,582
576,605
576,642
576,658
576,694
576,777
576,866
576,869
576,1412
577,582
577,634
577,694
577,753
577,866
577,977
577,1332
577,1359
582,605
582,642
582,658
582,687
582,694
582,753
582,866
582,869
582,874
582,1260
582,1295
582,1332
582,1401
582,1412
587,778
587,779
587,871
587,883
601,603
601,605
601,647
601,706
601,826
601,836
601,845
601,917
601,921
601,941
601,1238
601,1518
603,706
603,744
603,765
603,826
603,836
603,845
603,923
603,938
603,941
603,1204
605,624
605,634
605,640
605,642
605,658
605,674
605,687
605,691
605,694
605,753
605,798
605,866
605,869
605,874
605,960
605,974
605,1067
605,1212
605,1218
605,1232
605,1238
605,1260
605,1320
605,1324
605,1332
605,1359
605,1401
605,1518
605,1543
605,1784
612,720
612,779
612,843
612,886
612,958
612,979
615,621
615,622
615,624
615,634
615,647
615,658
615,765
615,769
615,790
615,797
615,798
615,893
615,909
615,917
615,977
615,1320
615,1332
615,1383
615,1512
621,765
621,786
621,836
621,843
621,923
621,938
621,941
621,998
621,1332
622,624
622,769
622,790
622,797
622,798
622,893
622,909
622,920
622,959
622,1332
624,658
624,769
624,790
624,797
624,798
624,893
624,909
624,959
624,960
624,977
624,1336
626,649
626,653
626,778
626,779
626,871
626,894
626,939
627,637
627,674
627,809
627,854
627,857
627,945
627,954
627,984
627,991
634,640
634,642
634,658
634,687
634,691
634,694
634,753
634,866
634,869
634,874
634,1228
634,1324
634,1332
634,1345
634,1412
634,1423
634,1894
637,650
637,674
637,778
637,809
637,857
637,859
637,884
637,927
637,941
637,945
637,954
637,970
637,984
638,655
638,694
638,777
638,841
638,866
638,958
638,1067
638,1212
638,1228
638,1423
638,1485
638,1543
640,642
640,658
640,691
640,753
640,866
640,869
640,874
640,1201
640,1412
642,658
642,687
642,691
642,694
642,753
642,866
642,869
642,874
642,970
642,1332
642,1512
647,790
647,826
647,921
647,959
647,977
649,653
649,778
649,883
649,894
649,939
649,1218
649,1345
649,1359
649,1512
650,674
650,677
650,778
650,809
650,854
650,859
650,927
650,945
650,954
650,970
650,984
650,991
650,1342
653,674
653,706
653,778
653,779
653,871
653,883
653,894
653,939
653,945
653,954
653,984
653,991
655,694
655,841
655,958
655,1345
658,687
658,691
658,694
658,866
658,869
658,874
658,958
658,977
658,1237
658,1332
658,1336
658,1518
674,677
674,763
674,765
674,778
674,826
674,854
674,857
674,859
674,866
674,945
674,954
674,984
674,991
674,1237
674,1412
674,1423
677,809
677,854
677,927
677,970
677,991
681,720
681,970
687,691
687,694
687,753
687,777
687,866
687,869
687,874
687,908
687,1332
691,753
691,778
691,841
691,866
691,869
691,874
691,908
691,1218
691,1332
691,1359
691,1401
691,1518
691,1894
694,753
694,797
694,841
694,843
694,866
694,958
694,1423
702,841
702,908
702,958
702,1518
702,1894
706,743
706,771
706,791
706,826
706,845
706,998
706,1216
706,1784
706,1805
720,763
720,778
720,779
720,871
720,884
720,886
720,970
725,854
725,859
725,927
725,991
725,1332
743,751
743,826
743,998
744,786
744,836
744,867
744,923
744,941
744,1212
751,826
753,866
753,874
753,1238
753,1260
753,1543
753,1784
763,884
763,979
763,1518
763,1594
765,786
765,836
765,843
765,867
765,923
765,938
765,1512
769,893
769,909
769,958
769,959
771,791
771,826
777,841
777,908
777,958
777,1228
777,1518
778,779
778,871
778,874
778,883
778,894
778,939
778,1332
779,871
779,883
779,894
779,939
784,836
784,843
784,923
784,941
786,836
786,923
786,938
786,998
790,797
791,826
797,886
797,893
797,917
797,921
797,958
797,959
797,977
797,1201
797,1218
797,1412
797,1423
798,893
798,909
798,917
798,920
798,921
798,939
798,941
798,959
798,960
798,977
798,1423
809,857
809,859
809,869
809,945
809,954
809,970
809,984
809,991
809,1216
809,1359
809,1401
809,1485
826,845
826,874
826,882
826,927
826,998
836,843
836,867
836,938
836,941
836,1339
841,958
841,1228
841,1518
843,867
843,938
843,958
843,1518
845,882
845,958
854,886
854,927
854,954
854,970
854,984
854,991
857,945
857,954
857,970
857,1201
857,1805
859,893
859,927
859,945
859,954
859,970
859,984
859,991
859,1412
866,869
866,874
866,958
866,1228
866,1232
866,1320
866,1332
866,1345
866,1359
866,1401
866,1412
866,1828
866,1870
866,1894
867,938
869,874
869,1212
869,1332
869,1894
871,883
871,894
871,939
874,1332
883,894
883,939
883,1423
884,886
884,979
884,1295
884,1423
886,927
886,958
886,979
886,1332
886,1423
893,909
893,920
893,938
893,959
893,977
893,1359
894,939
908,1332
908,1412
908,1543
909,921
909,960
917,920
917,960
917,977
920,921
920,938
920,958
920,1423
921,959
921,977
923,938
923,998
927,954
927,970
927,984
927,991
941,1518
945,954
945,984
945,991
954,984
954,991
954,1214
958,991
958,1345
958,1423
958,1512
958,1518
958,1594
958,1819
960,1332
960,1894
970,984
970,991
970,1339
974,1359
977,1359
977,1423
977,1518
979,984
984,991
1067,1201
1067,1212
1067,1214
1067,1216
1067,1218
1067,1237
1067,1238
1067,1260
1067,1324
1067,1336
1067,1339
1067,1345
1067,1359
1067,1401
1067,1512
1067,1518
1067,1543
1067,1594
1067,1819
1201,1204
1201,1212
1201,1214
1201,1216
1201,1218
1201,1228
1201,1237
1201,1295
1201,1320
1201,1324
1201,1332
1201,1336
1201,1339
1201,1342
1201,1345
1201,1359
1201,1485
1201,1512
1201,1518
1201,1594
1201,1819
1201,1828
1201,1894
1204,1212
1204,1214
1204,1216
1204,1218
1204,1228
1204,1237
1204,1238
1204,1295
1204,1320
1204,1324
1204,1332
1204,1336
1204,1339
1204,1342
1204,1359
1204,1366
1204,1383
1204,1401
1204,1412
1204,1423
1204,1485
1204,1512
1204,1518
1204,1519
1204,1543
1204,1594
1204,1894
1212,1214
1212,1216
1212,1218
1212,1228
1212,1232
1212,1237
1212,1238
1212,1260
1212,1295
1212,1320
1212,1324
1212,1332
1212,1336
1212,1339
1212,1342
1212,1345
1212,1359
1212,1366
1212,1401
1212,1412
1212,1423
1212,1485
1212,1512
1212,1518
1212,1594
1212,1784
1212,1805
1212,1819
1212,1828
1212,1894
1214,1216
1214,1218
1214,1228
1214,1232
1214,1237
1214,1238
1214,1295
1214,1320
1214,1324
1214,1332
1214,1336
1214,1339
1214,1342
1214,1345
1214,1359
1214,1401
1214,1423
1214,1485
1214,1512
1214,1518
1214,1594
1214,1805
1214,1819
1214,1828
1214,1894
1216,1218
1216,1228
1216,1232
1216,1237
1216,1260
1216,1295
1216,1320
1216,1324
1216,1332
1216,1339
1216,1342
1216,1345
1216,1359
1216,1366
1216,1401
1216,1412
1216,1423
1216,1485
1216,1512
1216,1518
1216,1543
1216,1594
1216,1784
1216,1805
1216,1819
1216,1828
1216,1870
1216,1894
1218,1237
1218,1238
1218,1260
1218,1320
1218,1324
1218,1336
1218,1339
1218,1342
1218,1359
1218,1401
1218,1512
1218,1518
1218,1543
1218,1594
1218,1784
1218,1805
1218,1828
1218,1894
1228,1232
1228,1237
1228,1238
1228,1295
1228,1320
1228,1332
1228,1336
1228,1339
1228,1342
1228,1345
1228,1359
1228,1366
1228,1383
1228,1401
1228,1412
1228,1423
1228,1485
1228,1512
1228,1518
1228,1519
1228,1805
1228,1819
1228,1828
1228,1894
1232,1237
1232,1295
1232,1320
1232,1324
1232,1332
1232,1336
1232,1345
1232,1366
1232,1401
1232,1412
1232,1518
1232,1805
1232,1819
1232,1894
1237,1238
1237,1295
1237,1320
1237,1324
1237,1336
1237,1339
1237,1342
1237,1345
1237,1359
1237,1366
1237,1401
1237,1412
1237,1423
1237,1512
1237,1518
1237,1594
1237,1805
1237,1819
1237,1828
1238,1260
1238,1295
1238,1320
1238,1324
1238,1336
1238,1342
1238,1366
1238,1412
1238,1485
1238,1512
1238,1518
1238,1543
1238,1784
1238,1894
1260,1320
1260,1336
1260,1359
1260,1366
1260,1401
1260,1512
1260,1518
1260,1543
1260,1784
1295,1320
1295,1324
1295,1332
1295,1336
1295,1339
1295,1342
1295,1345
1295,1359
1295,1366
1295,1383
1295,1401
1295,1412
1295,1423
1295,1485
1295,1512
1295,1518
1295,1543
1295,1594
1295,1805
1295,1819
1295,1828
1295,1894
1320,1324
1320,1336
1320,1339
1320,1345
1320,1359
1320,1366
1320,1383
1320,1401
1320,1412
1320,1423
1320,1485
1320,1512
1320,1518
1320,1543
1320,1594
1320,1784
1320,1805
1320,1819
1324,1332
1324,1339
1324,1342
1324,1345
1324,1359
1324,1423
1324,1485
1324,1512
1324,1518
1324,1594
1324,1784
1324,1805
1324,1819
1324,1828
1332,1339
1332,1342
1332,1345
1332,1359
1332,1383
1332,1401
1332,1412
1332,1423
1332,1485
1332,1512
1332,1518
1332,1519
1332,1594
1332,1805
1332,1819
1332,1828
1332,1870
1332,1894
1336,1345
1336,1359
1336,1366
1336,1401
1336,1412
1336,1423
1336,1485
1336,1512
1336,1518
1336,1594
1336,1805
1336,1828
1336,1894
1339,1342
1339,1345
1339,1359
1339,1366
1339,1401
1339,1423
1339,1512
1339,1518
1339,1594
1339,1805
1339,1819
1339,1828
1339,1894
1342,1345
1342,1359
1342,1383
1342,1401
1342,1412
1342,1423
1342,1485
1342,1512
1342,1518
1342,1519
1342,1594
1342,1805
1342,1828
1342,1870
1345,1359
1345,1401
1345,1412
1345,1423
1345,1512
1345,1518
1345,1519
1345,1543
1345,1594
1345,1784
1345,1805
1345,1819
1345,1828
1345,1870
1359,1366
1359,1383
1359,1401
1359,1412
1359,1423
1359,1485
1359,1512
1359,1518
1359,1519
1359,1543
1359,1594
1359,1784
1359,1805
1359,1819
1359,1870
1359,1894
1366,1401
1366,1412
1366,1423
1366,1512
1366,1518
1366,1543
1366,1784
1366,1819
1366,1894
1383,1401
1383,1423
1383,1518
1383,1543
1383,1594
1401,1412
1401,1423
1401,1485
1401,1512
1401,1518
1401,1519
1401,1543
1401,1594
1401,1784
1401,1805
1401,1819
1401,1828
1401,1894
1412,1423
1412,1512
1412,1518
1412,1519
1412,1543
1412,1594
1412,1784
1412,1805
1412,1819
1412,1870
1412,1894
1423,1485
1423,1512
1423,1518
1423,1543
1423,1594
1423,1784
1423,1805
1423,1819
1423,1828
1423,1894
1485,1512
1485,1518
1485,1543
1485,1594
1485,1784
1485,1805
1485,1819
1485,1828
1485,1894
1512,1518
1512,1594
1512,1784
1512,1805
1512,1819
1512,1828
1512,1894
1518,1519
1518,1543
1518,1594
1518,1784
1518,1805
1518,1819
1518,1828
1518,1870
1518,1894
1519,1805
1519,1894
1543,1784
1543,1894
1594,1784
1594,1805
1594,1819
1594,1828
1594,1894
1784,1828
1805,1819
1805,1828
1805,1870
1805,1894
1819,1894
1828,1894
1870,1894
